Date,SKU,daily_sales,rolling_mean_7,forecast_error,ghost_demand,recommended_cut,cost_saving,waste_reduction_value
2022-05-02,J0003-SET-M,1,5.142857142857143,4.142857142857143,1,3.314285714285715,165.71428571428575,66.2857142857143
2022-05-24,J0003-SET-M,3,5.142857142857143,2.1428571428571432,1,1.7142857142857146,85.71428571428574,34.28571428571429
2022-05-25,J0003-SET-M,2,4.714285714285714,2.7142857142857144,1,2.1714285714285717,108.57142857142858,43.42857142857143
2022-05-05,J0003-SET-S,3,5.714285714285714,2.7142857142857144,1,2.1714285714285717,108.57142857142858,43.42857142857143
2022-05-06,J0003-SET-S,5,5.857142857142857,0.8571428571428568,1,0.6857142857142855,34.28571428571428,13.71428571428571
2022-05-10,J0003-SET-S,1,6.142857142857143,5.142857142857143,1,4.114285714285715,205.71428571428575,82.28571428571429
2022-05-11,J0003-SET-S,2,5.571428571428571,3.571428571428571,1,2.857142857142857,142.85714285714286,57.142857142857146
2022-05-12,J0003-SET-S,3,4.714285714285714,1.7142857142857144,1,1.3714285714285717,68.57142857142858,27.428571428571434
2022-05-08,J0003-SET-XXXL,2,5.142857142857143,3.1428571428571432,1,2.5142857142857147,125.71428571428574,50.28571428571429
2022-05-30,J0119-TP-XXXL,2,4.714285714285714,2.7142857142857144,1,2.1714285714285717,108.57142857142858,43.42857142857143
2022-06-19,J0230-SKD-L,1,4.428571428571429,3.428571428571429,1,2.7428571428571433,137.14285714285717,54.85714285714287
2022-04-06,J0230-SKD-M,6,12.666666666666666,6.666666666666666,1,5.333333333333333,266.66666666666663,106.66666666666666
2022-04-08,J0230-SKD-M,8,12.0,4.0,1,3.2,160.0,64.0
2022-04-09,J0230-SKD-M,8,11.714285714285714,3.7142857142857135,1,2.971428571428571,148.57142857142856,59.42857142857142
2022-04-11,J0230-SKD-M,7,10.428571428571429,3.428571428571429,1,2.7428571428571433,137.14285714285717,54.85714285714287
2022-04-12,J0230-SKD-M,2,8.714285714285714,6.7142857142857135,1,5.371428571428571,268.57142857142856,107.42857142857142
2022-04-15,J0230-SKD-M,7,8.142857142857142,1.1428571428571423,1,0.9142857142857139,45.714285714285694,18.285714285714278
2022-04-17,J0230-SKD-M,4,7.142857142857143,3.1428571428571432,1,2.5142857142857147,125.71428571428574,50.28571428571429
2022-04-18,J0230-SKD-M,7,7.142857142857143,0.14285714285714324,1,0.1142857142857146,5.71428571428573,2.285714285714292
2022-04-19,J0230-SKD-M,4,7.428571428571429,3.428571428571429,1,2.7428571428571433,137.14285714285717,54.85714285714287
2022-04-20,J0230-SKD-M,5,6.857142857142857,1.8571428571428568,1,1.4857142857142855,74.28571428571428,29.71428571428571
2022-04-25,J0230-SKD-M,7,7.857142857142857,0.8571428571428568,1,0.6857142857142855,34.28571428571428,13.71428571428571
2022-04-26,J0230-SKD-M,7,8.285714285714286,1.2857142857142865,1,1.0285714285714291,51.42857142857146,20.571428571428584
2022-04-27,J0230-SKD-M,7,8.571428571428571,1.5714285714285712,1,1.2571428571428571,62.857142857142854,25.142857142857142
2022-04-28,J0230-SKD-M,7,8.857142857142858,1.8571428571428577,1,1.4857142857142862,74.2857142857143,29.714285714285722
2022-04-29,J0230-SKD-M,5,8.0,3.0,1,2.4000000000000004,120.00000000000001,48.00000000000001
2022-04-30,J0230-SKD-M,2,7.142857142857143,5.142857142857143,1,4.114285714285715,205.71428571428575,82.28571428571429
2022-04-04,J0230-SKD-S,7,7.2,0.20000000000000018,1,0.16000000000000014,8.000000000000007,3.200000000000003
2022-04-06,J0230-SKD-S,6,8.285714285714286,2.2857142857142865,1,1.8285714285714292,91.42857142857146,36.571428571428584
2022-04-08,J0230-SKD-S,7,9.0,2.0,1,1.6,80.0,32.0
2022-04-11,J0230-SKD-S,4,8.714285714285714,4.7142857142857135,1,3.771428571428571,188.57142857142856,75.42857142857142
2022-04-12,J0230-SKD-S,8,8.857142857142858,0.8571428571428577,1,0.6857142857142862,34.285714285714306,13.714285714285722
2022-04-15,J0230-SKD-S,5,7.714285714285714,2.7142857142857144,1,2.1714285714285717,108.57142857142858,43.42857142857143
2022-04-16,J0230-SKD-S,5,7.0,2.0,1,1.6,80.0,32.0
2022-04-18,J0230-SKD-S,3,6.714285714285714,3.7142857142857144,1,2.9714285714285715,148.57142857142858,59.42857142857143
2022-04-20,J0230-SKD-S,2,6.142857142857143,4.142857142857143,1,3.314285714285715,165.71428571428575,66.2857142857143
2022-05-01,J0230-SKD-S,8,8.714285714285714,0.7142857142857135,1,0.5714285714285708,28.57142857142854,11.428571428571416
2022-05-02,J0230-SKD-S,8,8.857142857142858,0.8571428571428577,1,0.6857142857142862,34.285714285714306,13.714285714285722
2022-05-03,J0230-SKD-S,7,8.857142857142858,1.8571428571428577,1,1.4857142857142862,74.2857142857143,29.714285714285722
2022-05-05,J0230-SKD-S,6,8.714285714285714,2.7142857142857135,1,2.171428571428571,108.57142857142854,43.428571428571416
2022-05-07,J0230-SKD-S,2,7.285714285714286,5.285714285714286,1,4.228571428571429,211.42857142857144,84.57142857142857
2022-05-08,J0230-SKD-S,4,6.714285714285714,2.7142857142857144,1,2.1714285714285717,108.57142857142858,43.42857142857143
2022-05-09,J0230-SKD-S,1,5.714285714285714,4.714285714285714,1,3.771428571428572,188.57142857142858,75.42857142857143
2022-05-10,J0230-SKD-S,2,5.0,3.0,1,2.4000000000000004,120.00000000000001,48.00000000000001
2022-04-04,J0230-SKD-XS,2,5.75,3.75,1,3.0,150.0,60.0
2022-06-19,J0230-SKD-XS,1,4.0,3.0,1,2.4000000000000004,120.00000000000001,48.00000000000001
2022-06-03,J0339-DR-M,1,4.142857142857143,3.1428571428571432,1,2.5142857142857147,125.71428571428574,50.28571428571429
2022-04-15,J0341-DR-L,3,4.142857142857143,1.1428571428571432,1,0.9142857142857146,45.71428571428573,18.285714285714292
2022-04-18,J0341-DR-L,5,6.142857142857143,1.1428571428571432,1,0.9142857142857146,45.71428571428573,18.285714285714292
2022-04-19,J0341-DR-L,5,6.428571428571429,1.4285714285714288,1,1.142857142857143,57.14285714285715,22.85714285714286
2022-04-21,J0341-DR-L,3,6.571428571428571,3.571428571428571,1,2.857142857142857,142.85714285714286,57.142857142857146
2022-04-22,J0341-DR-L,1,5.857142857142857,4.857142857142857,1,3.8857142857142857,194.28571428571428,77.71428571428571
2022-04-27,J0341-DR-L,2,5.714285714285714,3.7142857142857144,1,2.9714285714285715,148.57142857142858,59.42857142857143
2022-04-28,J0341-DR-L,1,4.142857142857143,3.1428571428571432,1,2.5142857142857147,125.71428571428574,50.28571428571429
2022-04-29,J0341-DR-L,3,3.857142857142857,0.8571428571428572,1,0.6857142857142858,34.28571428571429,13.714285714285717
2022-05-28,J0341-DR-L,5,6.0,1.0,1,0.8,40.0,16.0
2022-05-29,J0341-DR-L,2,6.0,4.0,1,3.2,160.0,64.0
2022-04-10,J0341-DR-M,1,3.4285714285714284,2.4285714285714284,1,1.9428571428571428,97.14285714285714,38.857142857142854
2022-04-14,J0341-DR-M,3,3.5714285714285716,0.5714285714285716,1,0.4571428571428573,22.857142857142865,9.142857142857146
2022-04-15,J0341-DR-M,2,3.7142857142857144,1.7142857142857144,1,1.3714285714285717,68.57142857142858,27.428571428571434
2022-04-19,J0341-DR-M,1,3.7142857142857144,2.7142857142857144,1,2.1714285714285717,108.57142857142858,43.42857142857143
2022-04-22,J0341-DR-M,4,4.714285714285714,0.7142857142857144,1,0.5714285714285715,28.571428571428577,11.42857142857143
2022-04-23,J0341-DR-M,5,5.285714285714286,0.2857142857142856,1,0.22857142857142848,11.428571428571423,4.571428571428569
2022-04-29,J0341-DR-M,4,5.428571428571429,1.4285714285714288,1,1.142857142857143,57.14285714285715,22.85714285714286
2022-05-15,J0341-DR-M,7,7.285714285714286,0.2857142857142856,1,0.22857142857142848,11.428571428571423,4.571428571428569
2022-05-16,J0341-DR-M,2,5.571428571428571,3.571428571428571,1,2.857142857142857,142.85714285714286,57.142857142857146
2022-05-24,J0341-DR-M,2,5.285714285714286,3.2857142857142856,1,2.6285714285714286,131.42857142857142,52.57142857142857
2022-06-01,J0341-DR-M,2,7.0,5.0,1,4.0,200.0,80.0
2022-06-02,J0341-DR-M,1,7.0,6.0,1,4.800000000000001,240.00000000000003,96.00000000000001
2022-06-06,J0341-DR-M,1,6.428571428571429,5.428571428571429,1,4.342857142857143,217.14285714285717,86.85714285714286
2022-06-08,J0341-DR-M,1,4.142857142857143,3.1428571428571432,1,2.5142857142857147,125.71428571428574,50.28571428571429
2022-05-06,J0341-DR-S,1,5.142857142857143,4.142857142857143,1,3.314285714285715,165.71428571428575,66.2857142857143
2022-06-05,J0341-DR-S,1,5.857142857142857,4.857142857142857,1,3.8857142857142857,194.28571428571428,77.71428571428571
2022-06-12,J0341-DR-S,2,6.0,4.0,1,3.2,160.0,64.0
2022-06-13,J0341-DR-S,1,5.857142857142857,4.857142857142857,1,3.8857142857142857,194.28571428571428,77.71428571428571
2022-06-27,J0341-DR-S,1,5.571428571428571,4.571428571428571,1,3.657142857142857,182.85714285714286,73.14285714285714
2022-06-28,J0341-DR-S,2,4.714285714285714,2.7142857142857144,1,2.1714285714285717,108.57142857142858,43.42857142857143
2022-06-29,J0341-DR-S,1,3.142857142857143,2.142857142857143,1,1.7142857142857144,85.71428571428572,34.28571428571429
2022-04-10,J0341-DR-XL,2,4.6,2.5999999999999996,1,2.0799999999999996,103.99999999999999,41.599999999999994
2022-05-14,J0341-DR-XS,1,4.714285714285714,3.7142857142857144,1,2.9714285714285715,148.57142857142858,59.42857142857143
2022-05-10,JNE2305-KR-533-M,1,4.285714285714286,3.2857142857142856,1,2.6285714285714286,131.42857142857142,52.57142857142857
2022-04-24,JNE2305-KR-533-XL,1,4.285714285714286,3.2857142857142856,1,2.6285714285714286,131.42857142857142,52.57142857142857
2022-04-17,JNE3291-KR-L,2,4.857142857142857,2.8571428571428568,1,2.2857142857142856,114.28571428571428,45.71428571428571
2022-04-18,JNE3291-KR-L,2,5.0,3.0,1,2.4000000000000004,120.00000000000001,48.00000000000001
2022-04-21,JNE3291-KR-L,1,5.0,4.0,1,3.2,160.0,64.0
2022-04-23,JNE3291-KR-L,2,4.571428571428571,2.571428571428571,1,2.057142857142857,102.85714285714285,41.14285714285714
2022-04-27,JNE3291-KR-L,2,4.0,2.0,1,1.6,80.0,32.0
2022-04-22,JNE3291-KR-M,1,4.428571428571429,3.428571428571429,1,2.7428571428571433,137.14285714285717,54.85714285714287
2022-04-24,JNE3291-KR-M,1,3.857142857142857,2.857142857142857,1,2.285714285714286,114.2857142857143,45.71428571428572
2022-04-26,JNE3291-KR-M,1,3.857142857142857,2.857142857142857,1,2.285714285714286,114.2857142857143,45.71428571428572
2022-05-02,JNE3291-KR-M,4,4.285714285714286,0.2857142857142856,1,0.22857142857142848,11.428571428571423,4.571428571428569
2022-04-20,JNE3291-KR-XL,4,5.285714285714286,1.2857142857142856,1,1.0285714285714285,51.42857142857142,20.57142857142857
2022-04-22,JNE3291-KR-XL,2,5.142857142857143,3.1428571428571432,1,2.5142857142857147,125.71428571428574,50.28571428571429
2022-04-23,JNE3291-KR-XL,5,5.142857142857143,0.14285714285714324,1,0.1142857142857146,5.71428571428573,2.285714285714292
2022-04-28,JNE3291-KR-XL,4,6.571428571428571,2.571428571428571,1,2.057142857142857,102.85714285714285,41.14285714285714
2022-04-29,JNE3291-KR-XL,4,6.857142857142857,2.8571428571428568,1,2.2857142857142856,114.28571428571428,45.71428571428571
2022-04-30,JNE3291-KR-XL,2,6.428571428571429,4.428571428571429,1,3.542857142857143,177.14285714285717,70.85714285714286
2022-04-16,JNE3368-KR-L,1,4.285714285714286,3.2857142857142856,1,2.6285714285714286,131.42857142857142,52.57142857142857
2022-04-17,JNE3368-KR-L,1,4.285714285714286,3.2857142857142856,1,2.6285714285714286,131.42857142857142,52.57142857142857
2022-04-18,JNE3368-KR-L,1,4.285714285714286,3.2857142857142856,1,2.6285714285714286,131.42857142857142,52.57142857142857
2022-04-22,JNE3368-KR-L,1,4.285714285714286,3.2857142857142856,1,2.6285714285714286,131.42857142857142,52.57142857142857
2022-04-28,JNE3368-KR-L,1,4.0,3.0,1,2.4000000000000004,120.00000000000001,48.00000000000001
2022-04-16,JNE3368-KR-M,1,6.6,5.6,1,4.4799999999999995,223.99999999999997,89.6
2022-04-17,JNE3368-KR-M,1,5.666666666666667,4.666666666666667,1,3.733333333333334,186.66666666666669,74.66666666666667
2022-04-19,JNE3368-KR-M,1,5.0,4.0,1,3.2,160.0,64.0
2022-04-20,JNE3368-KR-M,1,5.0,4.0,1,3.2,160.0,64.0
2022-04-21,JNE3368-KR-M,4,5.285714285714286,1.2857142857142856,1,1.0285714285714285,51.42857142857142,20.57142857142857
2022-04-22,JNE3368-KR-M,2,3.5714285714285716,1.5714285714285716,1,1.2571428571428573,62.85714285714287,25.142857142857146
2022-04-16,JNE3368-KR-XL,3,4.857142857142857,1.8571428571428568,1,1.4857142857142855,74.28571428571428,29.71428571428571
2022-04-17,JNE3368-KR-XL,1,4.714285714285714,3.7142857142857144,1,2.9714285714285715,148.57142857142858,59.42857142857143
2022-04-18,JNE3368-KR-XL,3,5.0,2.0,1,1.6,80.0,32.0
2022-04-19,JNE3368-KR-XL,1,5.0,4.0,1,3.2,160.0,64.0
2022-04-20,JNE3368-KR-XL,1,4.571428571428571,3.571428571428571,1,2.857142857142857,142.85714285714286,57.142857142857146
2022-04-22,JNE3368-KR-XL,1,2.857142857142857,1.8571428571428572,1,1.4857142857142858,74.28571428571429,29.714285714285715
2022-04-22,JNE3368-KR-XXL,3,5.285714285714286,2.2857142857142856,1,1.8285714285714285,91.42857142857143,36.57142857142857
2022-04-23,JNE3368-KR-XXL,1,4.428571428571429,3.428571428571429,1,2.7428571428571433,137.14285714285717,54.85714285714287
2022-04-24,JNE3368-KR-XXL,1,4.142857142857143,3.1428571428571432,1,2.5142857142857147,125.71428571428574,50.28571428571429
2022-04-25,JNE3368-KR-XXL,1,4.142857142857143,3.1428571428571432,1,2.5142857142857147,125.71428571428574,50.28571428571429
2022-04-29,JNE3368-KR-XXL,4,4.428571428571429,0.4285714285714288,1,0.3428571428571431,17.142857142857153,6.857142857142861
2022-04-30,JNE3368-KR-XXL,1,3.5714285714285716,2.5714285714285716,1,2.0571428571428574,102.85714285714288,41.142857142857146
2022-05-01,JNE3368-KR-XXL,2,3.4285714285714284,1.4285714285714284,1,1.1428571428571428,57.14285714285714,22.857142857142854
2022-05-04,JNE3368-KR-XXL,5,5.285714285714286,0.2857142857142856,1,0.22857142857142848,11.428571428571423,4.571428571428569
2022-05-08,JNE3368-KR-XXL,1,4.857142857142857,3.8571428571428568,1,3.0857142857142854,154.28571428571428,61.71428571428571
2022-05-12,JNE3368-KR-XXL,2,5.571428571428571,3.571428571428571,1,2.857142857142857,142.85714285714286,57.142857142857146
2022-05-16,JNE3368-KR-XXL,1,4.285714285714286,3.2857142857142856,1,2.6285714285714286,131.42857142857142,52.57142857142857
2022-04-17,JNE3368-KR-XXXL,4,6.285714285714286,2.2857142857142856,1,1.8285714285714285,91.42857142857143,36.57142857142857
2022-04-21,JNE3368-KR-XXXL,2,6.142857142857143,4.142857142857143,1,3.314285714285715,165.71428571428575,66.2857142857143
2022-04-24,JNE3368-KR-XXXL,2,8.571428571428571,6.571428571428571,1,5.257142857142857,262.85714285714283,105.14285714285714
2022-04-30,JNE3368-KR-XXXL,5,7.857142857142857,2.8571428571428568,1,2.2857142857142856,114.28571428571428,45.71428571428571
2022-05-16,JNE3368-KR-XXXL,1,6.285714285714286,5.285714285714286,1,4.228571428571429,211.42857142857144,84.57142857142857
2022-05-19,JNE3368-KR-XXXL,1,5.857142857142857,4.857142857142857,1,3.8857142857142857,194.28571428571428,77.71428571428571
2022-05-24,JNE3368-KR-XXXL,1,5.714285714285714,4.714285714285714,1,3.771428571428572,188.57142857142858,75.42857142857143
2022-05-26,JNE3368-KR-XXXL,1,3.857142857142857,2.857142857142857,1,2.285714285714286,114.2857142857143,45.71428571428572
2022-05-06,JNE3373-KR-XL,3,5.571428571428571,2.571428571428571,1,2.057142857142857,102.85714285714285,41.14285714285714
2022-05-07,JNE3373-KR-XL,3,5.857142857142857,2.8571428571428568,1,2.2857142857142856,114.28571428571428,45.71428571428571
2022-05-08,JNE3373-KR-XL,3,6.142857142857143,3.1428571428571432,1,2.5142857142857147,125.71428571428574,50.28571428571429
2022-05-10,JNE3373-KR-XL,1,4.714285714285714,3.7142857142857144,1,2.9714285714285715,148.57142857142858,59.42857142857143
2022-04-30,JNE3373-KR-XXL,5,7.428571428571429,2.428571428571429,1,1.942857142857143,97.14285714285715,38.85714285714286
2022-05-01,JNE3373-KR-XXL,2,7.285714285714286,5.285714285714286,1,4.228571428571429,211.42857142857144,84.57142857142857
2022-05-03,JNE3373-KR-XXL,1,6.428571428571429,5.428571428571429,1,4.342857142857143,217.14285714285717,86.85714285714286
2022-05-04,JNE3373-KR-XXL,1,5.428571428571429,4.428571428571429,1,3.542857142857143,177.14285714285717,70.85714285714286
2022-05-08,JNE3373-KR-XXL,1,4.285714285714286,3.2857142857142856,1,2.6285714285714286,131.42857142857142,52.57142857142857
2022-06-04,JNE3373-KR-XXL,1,4.285714285714286,3.2857142857142856,1,2.6285714285714286,131.42857142857142,52.57142857142857
2022-05-02,JNE3373-KR-XXXL,4,6.714285714285714,2.7142857142857144,1,2.1714285714285717,108.57142857142858,43.42857142857143
2022-05-11,JNE3373-KR-XXXL,1,6.142857142857143,5.142857142857143,1,4.114285714285715,205.71428571428575,82.28571428571429
2022-05-15,JNE3373-KR-XXXL,1,5.714285714285714,4.714285714285714,1,3.771428571428572,188.57142857142858,75.42857142857143
2022-05-17,JNE3373-KR-XXXL,5,5.714285714285714,0.7142857142857144,1,0.5714285714285715,28.571428571428577,11.42857142857143
2022-05-20,JNE3373-KR-XXXL,4,6.285714285714286,2.2857142857142856,1,1.8285714285714285,91.42857142857143,36.57142857142857
2022-05-21,JNE3373-KR-XXXL,4,6.285714285714286,2.2857142857142856,1,1.8285714285714285,91.42857142857143,36.57142857142857
2022-05-24,JNE3373-KR-XXXL,4,8.571428571428571,4.571428571428571,1,3.657142857142857,182.85714285714286,73.14285714285714
2022-05-25,JNE3373-KR-XXXL,6,7.142857142857143,1.1428571428571432,1,0.9142857142857146,45.71428571428573,18.285714285714292
2022-05-27,JNE3373-KR-XXXL,4,6.142857142857143,2.1428571428571432,1,1.7142857142857146,85.71428571428574,34.28571428571429
2022-04-30,JNE3399-KR-L,1,4.571428571428571,3.571428571428571,1,2.857142857142857,142.85714285714286,57.142857142857146
2022-04-04,JNE3399-KR-M,2,6.25,4.25,1,3.4000000000000004,170.00000000000003,68.0
2022-04-05,JNE3399-KR-M,5,6.0,1.0,1,0.8,40.0,16.0
2022-04-07,JNE3399-KR-M,2,5.571428571428571,3.571428571428571,1,2.857142857142857,142.85714285714286,57.142857142857146
2022-05-05,JNE3399-KR-M,3,4.857142857142857,1.8571428571428568,1,1.4857142857142855,74.28571428571428,29.71428571428571
2022-05-06,JNE3399-KR-M,1,4.571428571428571,3.571428571428571,1,2.857142857142857,142.85714285714286,57.142857142857146
2022-05-07,JNE3399-KR-M,2,4.714285714285714,2.7142857142857144,1,2.1714285714285717,108.57142857142858,43.42857142857143
2022-05-09,JNE3399-KR-M,1,4.571428571428571,3.571428571428571,1,2.857142857142857,142.85714285714286,57.142857142857146
2022-05-12,JNE3399-KR-M,1,4.285714285714286,3.2857142857142856,1,2.6285714285714286,131.42857142857142,52.57142857142857
2022-04-02,JNE3399-KR-S,1,3.5,2.5,1,2.0,100.0,40.0
2022-04-15,JNE3399-KR-XL,1,4.857142857142857,3.8571428571428568,1,3.0857142857142854,154.28571428571428,61.71428571428571
2022-04-11,JNE3405-KR-L,17,21.428571428571427,4.428571428571427,1,3.542857142857142,177.14285714285708,70.85714285714283
2022-04-12,JNE3405-KR-L,16,21.285714285714285,5.285714285714285,1,4.228571428571428,211.4285714285714,84.57142857142856
2022-04-13,JNE3405-KR-L,20,21.142857142857142,1.1428571428571423,1,0.9142857142857139,45.714285714285694,18.285714285714278
2022-04-14,JNE3405-KR-L,17,19.571428571428573,2.571428571428573,1,2.0571428571428583,102.85714285714292,41.14285714285717
2022-04-15,JNE3405-KR-L,19,19.285714285714285,0.2857142857142847,1,0.22857142857142776,11.428571428571388,4.571428571428555
2022-04-17,JNE3405-KR-L,4,16.142857142857142,12.142857142857142,1,9.714285714285715,485.7142857142858,194.2857142857143
2022-04-18,JNE3405-KR-L,4,14.285714285714286,10.285714285714286,1,8.22857142857143,411.4285714285715,164.57142857142858
2022-04-19,JNE3405-KR-L,3,12.428571428571429,9.428571428571429,1,7.542857142857144,377.14285714285717,150.85714285714286
2022-04-20,JNE3405-KR-L,2,9.857142857142858,7.857142857142858,1,6.2857142857142865,314.28571428571433,125.71428571428572
2022-04-21,JNE3405-KR-L,2,7.714285714285714,5.714285714285714,1,4.571428571428572,228.5714285714286,91.42857142857144
2022-04-22,JNE3405-KR-L,3,5.428571428571429,2.428571428571429,1,1.942857142857143,97.14285714285715,38.85714285714286
2022-05-05,JNE3405-KR-L,4,13.0,9.0,1,7.2,360.0,144.0
2022-05-07,JNE3405-KR-L,1,12.571428571428571,11.571428571428571,1,9.257142857142858,462.8571428571429,185.14285714285717
2022-05-08,JNE3405-KR-L,1,9.571428571428571,8.571428571428571,1,6.857142857142858,342.8571428571429,137.14285714285717
2022-05-11,JNE3405-KR-L,1,7.428571428571429,6.428571428571429,1,5.142857142857143,257.14285714285717,102.85714285714286
2022-05-14,JNE3405-KR-L,1,5.428571428571429,4.428571428571429,1,3.542857142857143,177.14285714285717,70.85714285714286
2022-05-15,JNE3405-KR-L,2,3.2857142857142856,1.2857142857142856,1,1.0285714285714285,51.42857142857142,20.57142857142857
2022-04-17,JNE3405-KR-M,4,8.5,4.5,1,3.6,180.0,72.0
2022-04-23,JNE3405-KR-M,1,7.428571428571429,6.428571428571429,1,5.142857142857143,257.14285714285717,102.85714285714286
2022-05-03,JNE3405-KR-M,8,8.428571428571429,0.4285714285714288,1,0.3428571428571431,17.142857142857153,6.857142857142861
2022-05-04,JNE3405-KR-M,8,8.428571428571429,0.4285714285714288,1,0.3428571428571431,17.142857142857153,6.857142857142861
2022-05-05,JNE3405-KR-M,8,8.142857142857142,0.14285714285714235,1,0.11428571428571388,5.714285714285694,2.2857142857142776
2022-05-07,JNE3405-KR-M,2,6.714285714285714,4.714285714285714,1,3.771428571428572,188.57142857142858,75.42857142857143
2022-05-10,JNE3405-KR-M,8,9.571428571428571,1.5714285714285712,1,1.2571428571428571,62.857142857142854,25.142857142857142
2022-05-23,JNE3405-KR-M,2,10.714285714285714,8.714285714285714,1,6.9714285714285715,348.57142857142856,139.42857142857144
2022-05-26,JNE3405-KR-M,5,10.285714285714286,5.2857142857142865,1,4.2285714285714295,211.42857142857147,84.57142857142858
2022-05-27,JNE3405-KR-M,4,10.571428571428571,6.571428571428571,1,5.257142857142857,262.85714285714283,105.14285714285714
2022-05-28,JNE3405-KR-M,1,7.428571428571429,6.428571428571429,1,5.142857142857143,257.14285714285717,102.85714285714286
2022-06-01,JNE3405-KR-M,2,6.285714285714286,4.285714285714286,1,3.428571428571429,171.42857142857144,68.57142857142858
2022-06-05,JNE3405-KR-M,1,5.285714285714286,4.285714285714286,1,3.428571428571429,171.42857142857144,68.57142857142858
2022-04-02,JNE3405-KR-S,2,4.5,2.5,1,2.0,100.0,40.0
2022-04-12,JNE3405-KR-S,12,15.142857142857142,3.1428571428571423,1,2.5142857142857142,125.71428571428571,50.285714285714285
2022-04-13,JNE3405-KR-S,3,13.142857142857142,10.142857142857142,1,8.114285714285714,405.71428571428567,162.28571428571428
2022-04-14,JNE3405-KR-S,2,11.857142857142858,9.857142857142858,1,7.885714285714286,394.28571428571433,157.71428571428572
2022-04-15,JNE3405-KR-S,1,10.142857142857142,9.142857142857142,1,7.314285714285714,365.7142857142857,146.28571428571428
2022-04-16,JNE3405-KR-S,2,7.571428571428571,5.571428571428571,1,4.457142857142857,222.85714285714286,89.14285714285714
2022-04-17,JNE3405-KR-S,2,5.571428571428571,3.571428571428571,1,2.857142857142857,142.85714285714286,57.142857142857146
2022-04-18,JNE3405-KR-S,1,3.2857142857142856,2.2857142857142856,1,1.8285714285714285,91.42857142857143,36.57142857142857
2022-05-05,JNE3405-KR-S,4,6.428571428571429,2.428571428571429,1,1.942857142857143,97.14285714285715,38.85714285714286
2022-05-07,JNE3405-KR-S,5,7.0,2.0,1,1.6,80.0,32.0
2022-05-10,JNE3405-KR-S,10,11.428571428571429,1.4285714285714288,1,1.142857142857143,57.14285714285715,22.85714285714286
2022-05-13,JNE3405-KR-S,10,11.857142857142858,1.8571428571428577,1,1.4857142857142862,74.2857142857143,29.714285714285722
2022-05-17,JNE3405-KR-S,1,11.285714285714286,10.285714285714286,1,8.22857142857143,411.4285714285715,164.57142857142858
2022-05-23,JNE3405-KR-S,1,9.142857142857142,8.142857142857142,1,6.514285714285714,325.7142857142857,130.28571428571428
2022-05-27,JNE3405-KR-S,1,7.428571428571429,6.428571428571429,1,5.142857142857143,257.14285714285717,102.85714285714286
2022-06-02,JNE3405-KR-S,4,6.571428571428571,2.571428571428571,1,2.057142857142857,102.85714285714285,41.14285714285714
2022-04-23,JNE3405-KR-XL,3,7.285714285714286,4.285714285714286,1,3.428571428571429,171.42857142857144,68.57142857142858
2022-04-25,JNE3405-KR-XL,1,7.142857142857143,6.142857142857143,1,4.914285714285715,245.71428571428572,98.28571428571429
2022-04-28,JNE3405-KR-XL,2,6.285714285714286,4.285714285714286,1,3.428571428571429,171.42857142857144,68.57142857142858
2022-05-03,JNE3405-KR-XL,1,8.0,7.0,1,5.6000000000000005,280.0,112.00000000000001
2022-05-04,JNE3405-KR-XL,1,8.0,7.0,1,5.6000000000000005,280.0,112.00000000000001
2022-05-05,JNE3405-KR-XL,1,7.857142857142857,6.857142857142857,1,5.485714285714286,274.2857142857143,109.71428571428572
2022-05-10,JNE3405-KR-XL,1,7.142857142857143,6.142857142857143,1,4.914285714285715,245.71428571428572,98.28571428571429
2022-05-13,JNE3405-KR-XL,1,4.857142857142857,3.8571428571428568,1,3.0857142857142854,154.28571428571428,61.71428571428571
2022-05-15,JNE3405-KR-XL,1,3.142857142857143,2.142857142857143,1,1.7142857142857144,85.71428571428572,34.28571428571429
2022-04-10,JNE3405-KR-XS,4,7.428571428571429,3.428571428571429,1,2.7428571428571433,137.14285714285717,54.85714285714287
2022-04-11,JNE3405-KR-XS,5,8.0,3.0,1,2.4000000000000004,120.00000000000001,48.00000000000001
2022-04-12,JNE3405-KR-XS,8,8.571428571428571,0.5714285714285712,1,0.45714285714285696,22.857142857142847,9.142857142857139
2022-04-14,JNE3405-KR-XS,8,8.285714285714286,0.2857142857142865,1,0.2285714285714292,11.42857142857146,4.571428571428584
2022-04-15,JNE3405-KR-XS,7,8.285714285714286,1.2857142857142865,1,1.0285714285714291,51.42857142857146,20.571428571428584
2022-04-17,JNE3405-KR-XS,7,7.714285714285714,0.7142857142857144,1,0.5714285714285715,28.571428571428577,11.42857142857143
2022-04-19,JNE3405-KR-XS,2,7.428571428571429,5.428571428571429,1,4.342857142857143,217.14285714285717,86.85714285714286
2022-04-22,JNE3405-KR-XS,3,6.142857142857143,3.1428571428571432,1,2.5142857142857147,125.71428571428574,50.28571428571429
2022-04-29,JNE3405-KR-XS,3,7.714285714285714,4.714285714285714,1,3.771428571428572,188.57142857142858,75.42857142857143
2022-05-27,JNE3405-KR-XS,2,7.142857142857143,5.142857142857143,1,4.114285714285715,205.71428571428575,82.28571428571429
2022-06-03,JNE3405-KR-XS,1,6.285714285714286,5.285714285714286,1,4.228571428571429,211.42857142857144,84.57142857142857
2022-06-05,JNE3405-KR-XS,1,5.857142857142857,4.857142857142857,1,3.8857142857142857,194.28571428571428,77.71428571428571
2022-06-09,JNE3405-KR-XS,1,4.428571428571429,3.428571428571429,1,2.7428571428571433,137.14285714285717,54.85714285714287
2022-06-14,JNE3405-KR-XS,1,3.0,2.0,1,1.6,80.0,32.0
2022-04-09,JNE3405-KR-XXL,6,7.285714285714286,1.2857142857142856,1,1.0285714285714285,51.42857142857142,20.57142857142857
2022-04-12,JNE3405-KR-XXL,6,9.142857142857142,3.1428571428571423,1,2.5142857142857142,125.71428571428571,50.285714285714285
2022-04-13,JNE3405-KR-XXL,5,8.285714285714286,3.2857142857142865,1,2.6285714285714294,131.42857142857147,52.57142857142859
2022-04-15,JNE3405-KR-XXL,1,6.714285714285714,5.714285714285714,1,4.571428571428572,228.5714285714286,91.42857142857144
2022-04-19,JNE3405-KR-XXL,1,5.857142857142857,4.857142857142857,1,3.8857142857142857,194.28571428571428,77.71428571428571
2022-04-22,JNE3405-KR-XXL,1,5.142857142857143,4.142857142857143,1,3.314285714285715,165.71428571428575,66.2857142857143
2022-05-03,JNE3405-KR-XXL,3,5.428571428571429,2.428571428571429,1,1.942857142857143,97.14285714285715,38.85714285714286
2022-05-04,JNE3405-KR-XXL,4,5.857142857142857,1.8571428571428568,1,1.4857142857142855,74.28571428571428,29.71428571428571
2022-05-05,JNE3405-KR-XXL,1,5.857142857142857,4.857142857142857,1,3.8857142857142857,194.28571428571428,77.71428571428571
2022-05-14,JNE3405-KR-XXL,1,5.285714285714286,4.285714285714286,1,3.428571428571429,171.42857142857144,68.57142857142858
2022-05-17,JNE3405-KR-XXL,1,4.571428571428571,3.571428571428571,1,2.857142857142857,142.85714285714286,57.142857142857146
2022-04-09,JNE3405-KR-XXXL,7,7.857142857142857,0.8571428571428568,1,0.6857142857142855,34.28571428571428,13.71428571428571
2022-04-12,JNE3405-KR-XXXL,10,10.285714285714286,0.2857142857142865,1,0.2285714285714292,11.42857142857146,4.571428571428584
2022-04-13,JNE3405-KR-XXXL,6,10.142857142857142,4.142857142857142,1,3.314285714285714,165.7142857142857,66.28571428571428
2022-04-14,JNE3405-KR-XXXL,6,9.428571428571429,3.428571428571429,1,2.7428571428571433,137.14285714285717,54.85714285714287
2022-04-18,JNE3405-KR-XXXL,3,8.428571428571429,5.428571428571429,1,4.342857142857143,217.14285714285717,86.85714285714286
2022-04-19,JNE3405-KR-XXXL,3,7.857142857142857,4.857142857142857,1,3.8857142857142857,194.28571428571428,77.71428571428571
2022-04-20,JNE3405-KR-XXXL,5,6.571428571428571,1.5714285714285712,1,1.2571428571428571,62.857142857142854,25.142857142857142
2022-05-02,JNE3405-KR-XXXL,2,6.0,4.0,1,3.2,160.0,64.0
2022-05-05,JNE3405-KR-XXXL,2,5.714285714285714,3.7142857142857144,1,2.9714285714285715,148.57142857142858,59.42857142857143
2022-05-06,JNE3405-KR-XXXL,1,5.142857142857143,4.142857142857143,1,3.314285714285715,165.71428571428575,66.2857142857143
2022-05-08,JNE3405-KR-XXXL,1,4.285714285714286,3.2857142857142856,1,2.6285714285714286,131.42857142857142,52.57142857142857
2022-05-10,JNE3405-KR-XXXL,1,3.5714285714285716,2.5714285714285716,1,2.0571428571428574,102.85714285714288,41.142857142857146
2022-04-23,JNE3440-KR-N-L,2,5.714285714285714,3.7142857142857144,1,2.9714285714285715,148.57142857142858,59.42857142857143
2022-04-24,JNE3440-KR-N-L,1,5.142857142857143,4.142857142857143,1,3.314285714285715,165.71428571428575,66.2857142857143
2022-04-25,JNE3440-KR-N-L,1,4.571428571428571,3.571428571428571,1,2.857142857142857,142.85714285714286,57.142857142857146
2022-04-02,JNE3440-KR-N-M,1,4.0,3.0,1,2.4000000000000004,120.00000000000001,48.00000000000001
2022-05-19,JNE3440-KR-XL,1,3.5,2.5,1,2.0,100.0,40.0
2022-05-20,JNE3440-KR-XL,1,3.0,2.0,1,1.6,80.0,32.0
2022-04-10,JNE3567-KR-L,5,6.714285714285714,1.7142857142857144,1,1.3714285714285717,68.57142857142858,27.428571428571434
2022-04-11,JNE3567-KR-L,2,6.714285714285714,4.714285714285714,1,3.771428571428572,188.57142857142858,75.42857142857143
2022-04-12,JNE3567-KR-L,5,6.142857142857143,1.1428571428571432,1,0.9142857142857146,45.71428571428573,18.285714285714292
2022-04-14,JNE3567-KR-L,3,6.0,3.0,1,2.4000000000000004,120.00000000000001,48.00000000000001
2022-04-15,JNE3567-KR-L,5,6.0,1.0,1,0.8,40.0,16.0
2022-04-22,JNE3567-KR-L,1,5.142857142857143,4.142857142857143,1,3.314285714285715,165.71428571428575,66.2857142857143
2022-04-23,JNE3567-KR-L,5,5.142857142857143,0.14285714285714324,1,0.1142857142857146,5.71428571428573,2.285714285714292
2022-04-11,JNE3567-KR-M,3,7.571428571428571,4.571428571428571,1,3.657142857142857,182.85714285714286,73.14285714285714
2022-04-12,JNE3567-KR-M,6,7.714285714285714,1.7142857142857144,1,1.3714285714285717,68.57142857142858,27.428571428571434
2022-04-13,JNE3567-KR-M,2,6.571428571428571,4.571428571428571,1,3.657142857142857,182.85714285714286,73.14285714285714
2022-04-14,JNE3567-KR-M,1,5.714285714285714,4.714285714285714,1,3.771428571428572,188.57142857142858,75.42857142857143
2022-04-19,JNE3567-KR-M,1,4.714285714285714,3.7142857142857144,1,2.9714285714285715,148.57142857142858,59.42857142857143
2022-04-08,JNE3567-KR-XL,4,6.666666666666667,2.666666666666667,1,2.1333333333333337,106.66666666666669,42.66666666666667
2022-04-09,JNE3567-KR-XL,6,6.571428571428571,0.5714285714285712,1,0.45714285714285696,22.857142857142847,9.142857142857139
2022-04-10,JNE3567-KR-XL,1,6.428571428571429,5.428571428571429,1,4.342857142857143,217.14285714285717,86.85714285714286
2022-04-13,JNE3567-KR-XL,4,6.857142857142857,2.8571428571428568,1,2.2857142857142856,114.28571428571428,45.71428571428571
2022-04-15,JNE3567-KR-XL,1,6.285714285714286,5.285714285714286,1,4.228571428571429,211.42857142857144,84.57142857142857
2022-04-16,JNE3567-KR-XL,4,4.571428571428571,0.5714285714285712,1,0.45714285714285696,22.857142857142847,9.142857142857139
2022-05-05,JNE3568-KR-XL,1,4.428571428571429,3.428571428571429,1,2.7428571428571433,137.14285714285717,54.85714285714287
2022-06-20,JNE3797-KR-A-M,4,7.285714285714286,3.2857142857142856,1,2.6285714285714286,131.42857142857142,52.57142857142857
2022-06-21,JNE3797-KR-A-M,7,7.714285714285714,0.7142857142857144,1,0.5714285714285715,28.571428571428577,11.42857142857143
2022-06-22,JNE3797-KR-A-M,4,7.285714285714286,3.2857142857142856,1,2.6285714285714286,131.42857142857142,52.57142857142857
2022-06-24,JNE3797-KR-A-M,1,6.285714285714286,5.285714285714286,1,4.228571428571429,211.42857142857144,84.57142857142857
2022-06-25,JNE3797-KR-A-M,4,6.0,2.0,1,1.6,80.0,32.0
2022-06-03,JNE3797-KR-A-XL,1,4.0,3.0,1,2.4000000000000004,120.00000000000001,48.00000000000001
2022-06-07,JNE3797-KR-A-XL,1,3.25,2.25,1,1.8,90.0,36.0
2022-04-26,JNE3797-KR-L,2,4.8,2.8,1,2.2399999999999998,111.99999999999999,44.8
2022-05-24,JNE3797-KR-L,4,6.428571428571429,2.428571428571429,1,1.942857142857143,97.14285714285715,38.85714285714286
2022-05-26,JNE3797-KR-L,1,6.142857142857143,5.142857142857143,1,4.114285714285715,205.71428571428575,82.28571428571429
2022-05-28,JNE3797-KR-L,1,5.571428571428571,4.571428571428571,1,3.657142857142857,182.85714285714286,73.14285714285714
2022-06-02,JNE3797-KR-L,1,5.285714285714286,4.285714285714286,1,3.428571428571429,171.42857142857144,68.57142857142858
2022-06-03,JNE3797-KR-L,1,4.714285714285714,3.7142857142857144,1,2.9714285714285715,148.57142857142858,59.42857142857143
2022-06-10,JNE3797-KR-L,6,7.142857142857143,1.1428571428571432,1,0.9142857142857146,45.71428571428573,18.285714285714292
2022-06-14,JNE3797-KR-L,1,7.142857142857143,6.142857142857143,1,4.914285714285715,245.71428571428572,98.28571428571429
2022-06-27,JNE3797-KR-L,3,13.857142857142858,10.857142857142858,1,8.685714285714287,434.28571428571433,173.71428571428572
2022-05-24,JNE3797-KR-M,1,5.285714285714286,4.285714285714286,1,3.428571428571429,171.42857142857144,68.57142857142858
2022-05-27,JNE3797-KR-M,4,8.428571428571429,4.428571428571429,1,3.542857142857143,177.14285714285717,70.85714285714286
2022-05-29,JNE3797-KR-M,1,8.428571428571429,7.428571428571429,1,5.942857142857143,297.14285714285717,118.85714285714286
2022-05-30,JNE3797-KR-M,1,8.428571428571429,7.428571428571429,1,5.942857142857143,297.14285714285717,118.85714285714286
2022-06-01,JNE3797-KR-M,1,6.857142857142857,5.857142857142857,1,4.685714285714286,234.2857142857143,93.71428571428572
2022-06-02,JNE3797-KR-M,1,4.857142857142857,3.8571428571428568,1,3.0857142857142854,154.28571428571428,61.71428571428571
2022-06-04,JNE3797-KR-M,1,4.857142857142857,3.8571428571428568,1,3.0857142857142854,154.28571428571428,61.71428571428571
2022-06-07,JNE3797-KR-M,3,5.0,2.0,1,1.6,80.0,32.0
2022-06-08,JNE3797-KR-M,1,5.0,4.0,1,3.2,160.0,64.0
2022-06-09,JNE3797-KR-M,1,5.0,4.0,1,3.2,160.0,64.0
2022-06-10,JNE3797-KR-M,5,5.571428571428571,0.5714285714285712,1,0.45714285714285696,22.857142857142847,9.142857142857139
2022-06-13,JNE3797-KR-M,1,5.571428571428571,4.571428571428571,1,3.657142857142857,182.85714285714286,73.14285714285714
2022-06-15,JNE3797-KR-M,1,4.0,3.0,1,2.4000000000000004,120.00000000000001,48.00000000000001
2022-05-22,JNE3797-KR-S,1,7.428571428571429,6.428571428571429,1,5.142857142857143,257.14285714285717,102.85714285714286
2022-05-23,JNE3797-KR-S,2,7.571428571428571,5.571428571428571,1,4.457142857142857,222.85714285714286,89.14285714285714
2022-05-26,JNE3797-KR-S,1,7.428571428571429,6.428571428571429,1,5.142857142857143,257.14285714285717,102.85714285714286
2022-05-29,JNE3797-KR-S,8,8.285714285714286,0.2857142857142865,1,0.2285714285714292,11.42857142857146,4.571428571428584
2022-05-30,JNE3797-KR-S,4,7.142857142857143,3.1428571428571432,1,2.5142857142857147,125.71428571428574,50.28571428571429
2022-06-02,JNE3797-KR-S,3,7.428571428571429,4.428571428571429,1,3.542857142857143,177.14285714285717,70.85714285714286
2022-06-04,JNE3797-KR-S,2,7.428571428571429,5.428571428571429,1,4.342857142857143,217.14285714285717,86.85714285714286
2022-06-05,JNE3797-KR-S,1,7.428571428571429,6.428571428571429,1,5.142857142857143,257.14285714285717,102.85714285714286
2022-06-06,JNE3797-KR-S,1,4.857142857142857,3.8571428571428568,1,3.0857142857142854,154.28571428571428,61.71428571428571
2022-06-29,JNE3797-KR-S,4,5.0,1.0,1,0.8,40.0,16.0
2022-05-20,JNE3797-KR-XL,5,5.6,0.5999999999999996,1,0.47999999999999976,23.99999999999999,9.599999999999994
2022-05-23,JNE3797-KR-XL,1,4.833333333333333,3.833333333333333,1,3.0666666666666664,153.33333333333331,61.33333333333333
2022-05-24,JNE3797-KR-XL,1,4.285714285714286,3.2857142857142856,1,2.6285714285714286,131.42857142857142,52.57142857142857
2022-05-28,JNE3797-KR-XL,8,10.142857142857142,2.1428571428571423,1,1.714285714285714,85.7142857142857,34.28571428571428
2022-05-29,JNE3797-KR-XL,4,9.571428571428571,5.571428571428571,1,4.457142857142857,222.85714285714286,89.14285714285714
2022-05-30,JNE3797-KR-XL,1,9.0,8.0,1,6.4,320.0,128.0
2022-06-01,JNE3797-KR-XL,1,9.0,8.0,1,6.4,320.0,128.0
2022-06-02,JNE3797-KR-XL,2,9.142857142857142,7.142857142857142,1,5.714285714285714,285.7142857142857,114.28571428571429
2022-06-03,JNE3797-KR-XL,3,7.428571428571429,4.428571428571429,1,3.542857142857143,177.14285714285717,70.85714285714286
2022-06-01,JNE3797-KR-XS,2,7.0,5.0,1,4.0,200.0,80.0
2022-06-03,JNE3797-KR-XS,1,6.857142857142857,5.857142857142857,1,4.685714285714286,234.2857142857143,93.71428571428572
2022-06-05,JNE3797-KR-XS,1,5.714285714285714,4.714285714285714,1,3.771428571428572,188.57142857142858,75.42857142857143
2022-06-11,JNE3797-KR-XS,5,5.428571428571429,0.4285714285714288,1,0.3428571428571431,17.142857142857153,6.857142857142861
2022-06-14,JNE3797-KR-XS,1,5.428571428571429,4.428571428571429,1,3.542857142857143,177.14285714285717,70.85714285714286
2022-06-16,JNE3797-KR-XS,4,5.857142857142857,1.8571428571428568,1,1.4857142857142855,74.28571428571428,29.71428571428571
2022-06-17,JNE3797-KR-XS,3,5.571428571428571,2.571428571428571,1,2.057142857142857,102.85714285714285,41.14285714285714
2022-06-18,JNE3797-KR-XS,3,5.0,2.0,1,1.6,80.0,32.0
2022-06-19,JNE3797-KR-XS,1,4.285714285714286,3.2857142857142856,1,2.6285714285714286,131.42857142857142,52.57142857142857
2022-06-27,JNE3797-KR-XS,4,6.714285714285714,2.7142857142857144,1,2.1714285714285717,108.57142857142858,43.42857142857143
2022-06-29,JNE3797-KR-XS,1,6.428571428571429,5.428571428571429,1,4.342857142857143,217.14285714285717,86.85714285714286
2022-05-24,JNE3797-KR-XXL,1,5.285714285714286,4.285714285714286,1,3.428571428571429,171.42857142857144,68.57142857142858
2022-05-25,JNE3797-KR-XXL,1,5.142857142857143,4.142857142857143,1,3.314285714285715,165.71428571428575,66.2857142857143
2022-05-30,JNE3797-KR-XXL,2,5.285714285714286,3.2857142857142856,1,2.6285714285714286,131.42857142857142,52.57142857142857
2022-06-01,JNE3797-KR-XXL,2,4.857142857142857,2.8571428571428568,1,2.2857142857142856,114.28571428571428,45.71428571428571
2022-06-02,JNE3797-KR-XXL,1,3.7142857142857144,2.7142857142857144,1,2.1714285714285717,108.57142857142858,43.42857142857143
2022-06-05,JNE3797-KR-XXL,1,2.857142857142857,1.8571428571428572,1,1.4857142857142858,74.28571428571429,29.714285714285715
2022-06-13,JNE3797-KR-XXL,2,8.571428571428571,6.571428571428571,1,5.257142857142857,262.85714285714283,105.14285714285714
2022-06-14,JNE3797-KR-XXL,2,8.714285714285714,6.7142857142857135,1,5.371428571428571,268.57142857142856,107.42857142857142
2022-06-15,JNE3797-KR-XXL,1,8.285714285714286,7.2857142857142865,1,5.828571428571429,291.42857142857144,116.57142857142858
2022-06-17,JNE3797-KR-XXL,3,6.428571428571429,3.428571428571429,1,2.7428571428571433,137.14285714285717,54.85714285714287
2022-06-18,JNE3797-KR-XXL,1,4.857142857142857,3.8571428571428568,1,3.0857142857142854,154.28571428571428,61.71428571428571
2022-05-21,JNE3797-KR-XXXL,2,4.571428571428571,2.571428571428571,1,2.057142857142857,102.85714285714285,41.14285714285714
2022-05-25,JNE3797-KR-XXXL,1,4.571428571428571,3.571428571428571,1,2.857142857142857,142.85714285714286,57.142857142857146
2022-05-26,JNE3797-KR-XXXL,1,4.571428571428571,3.571428571428571,1,2.857142857142857,142.85714285714286,57.142857142857146
2022-05-27,JNE3797-KR-XXXL,4,4.571428571428571,0.5714285714285712,1,0.45714285714285696,22.857142857142847,9.142857142857139
2022-06-13,JNE3797-KR-XXXL,5,6.571428571428571,1.5714285714285712,1,1.2571428571428571,62.857142857142854,25.142857142857142
2022-06-14,JNE3797-KR-XXXL,1,6.571428571428571,5.571428571428571,1,4.457142857142857,222.85714285714286,89.14285714285714
2022-06-15,JNE3797-KR-XXXL,1,5.857142857142857,4.857142857142857,1,3.8857142857142857,194.28571428571428,77.71428571428571
2022-06-20,JNE3797-KR-XXXL,2,4.857142857142857,2.8571428571428568,1,2.2857142857142856,114.28571428571428,45.71428571428571
2022-06-29,JNE3797-KR-XXXL,1,5.285714285714286,4.285714285714286,1,3.428571428571429,171.42857142857144,68.57142857142858
2022-04-29,SET110-KR-PP-M,2,5.857142857142857,3.8571428571428568,1,3.0857142857142854,154.28571428571428,61.71428571428571
2022-05-02,SET110-KR-PP-M,1,5.285714285714286,4.285714285714286,1,3.428571428571429,171.42857142857144,68.57142857142858
2022-05-04,SET110-KR-PP-M,1,4.142857142857143,3.1428571428571432,1,2.5142857142857147,125.71428571428574,50.28571428571429
2022-05-05,SET110-KR-PP-M,1,3.857142857142857,2.857142857142857,1,2.285714285714286,114.2857142857143,45.71428571428572
2022-04-15,SET187-KR-DH-M,2,3.0,1.0,1,0.8,40.0,16.0
2022-04-19,SET187-KR-DH-M,1,3.142857142857143,2.142857142857143,1,1.7142857142857144,85.71428571428572,34.28571428571429
2022-04-04,SET268-KR-NP-L,15,15.75,0.75,1,0.6000000000000001,30.000000000000004,12.000000000000002
2022-04-05,SET268-KR-NP-L,11,14.8,3.8000000000000007,1,3.040000000000001,152.00000000000006,60.80000000000002
2022-04-06,SET268-KR-NP-L,3,12.833333333333334,9.833333333333334,1,7.866666666666667,393.33333333333337,157.33333333333334
2022-04-07,SET268-KR-NP-L,12,12.714285714285714,0.7142857142857135,1,0.5714285714285708,28.57142857142854,11.428571428571416
2022-04-08,SET268-KR-NP-L,12,13.142857142857142,1.1428571428571423,1,0.9142857142857139,45.714285714285694,18.285714285714278
2022-04-09,SET268-KR-NP-L,9,11.714285714285714,2.7142857142857135,1,2.171428571428571,108.57142857142854,43.428571428571416
2022-04-14,SET268-KR-NP-L,6,12.0,6.0,1,4.800000000000001,240.00000000000003,96.00000000000001
2022-04-15,SET268-KR-NP-L,2,10.571428571428571,8.571428571428571,1,6.857142857142858,342.8571428571429,137.14285714285717
2022-04-16,SET268-KR-NP-L,9,10.571428571428571,1.5714285714285712,1,1.2571428571428571,62.857142857142854,25.142857142857142
2022-04-17,SET268-KR-NP-L,7,9.285714285714286,2.2857142857142865,1,1.8285714285714292,91.42857142857146,36.571428571428584
2022-04-18,SET268-KR-NP-L,6,8.428571428571429,2.428571428571429,1,1.942857142857143,97.14285714285715,38.85714285714286
2022-04-19,SET268-KR-NP-L,5,7.571428571428571,2.571428571428571,1,2.057142857142857,102.85714285714285,41.14285714285714
2022-04-23,SET268-KR-NP-L,7,7.571428571428571,0.5714285714285712,1,0.45714285714285696,22.857142857142847,9.142857142857139
2022-04-24,SET268-KR-NP-L,6,7.428571428571429,1.4285714285714288,1,1.142857142857143,57.14285714285715,22.85714285714286
2022-04-25,SET268-KR-NP-L,4,7.142857142857143,3.1428571428571432,1,2.5142857142857147,125.71428571428574,50.28571428571429
2022-04-26,SET268-KR-NP-L,7,7.428571428571429,0.4285714285714288,1,0.3428571428571431,17.142857142857153,6.857142857142861
2022-04-27,SET268-KR-NP-L,7,7.571428571428571,0.5714285714285712,1,0.45714285714285696,22.857142857142847,9.142857142857139
2022-04-28,SET268-KR-NP-L,5,6.714285714285714,1.7142857142857144,1,1.3714285714285717,68.57142857142858,27.428571428571434
2022-05-05,SET268-KR-NP-L,3,6.0,3.0,1,2.4000000000000004,120.00000000000001,48.00000000000001
2022-04-18,SET268-KR-NP-M,4,5.571428571428571,1.5714285714285712,1,1.2571428571428571,62.857142857142854,25.142857142857142
2022-04-19,SET268-KR-NP-M,3,5.714285714285714,2.7142857142857144,1,2.1714285714285717,108.57142857142858,43.42857142857143
2022-04-20,SET268-KR-NP-M,5,6.142857142857143,1.1428571428571432,1,0.9142857142857146,45.71428571428573,18.285714285714292
2022-04-02,SET268-KR-NP-S,9,11.0,2.0,1,1.6,80.0,32.0
2022-04-03,SET268-KR-NP-S,10,10.666666666666666,0.6666666666666661,1,0.5333333333333329,26.666666666666643,10.666666666666657
2022-04-05,SET268-KR-NP-S,10,11.8,1.8000000000000007,1,1.4400000000000006,72.00000000000003,28.80000000000001
2022-04-06,SET268-KR-NP-S,11,11.666666666666666,0.6666666666666661,1,0.5333333333333329,26.666666666666643,10.666666666666657
2022-04-09,SET268-KR-NP-S,12,12.428571428571429,0.4285714285714288,1,0.3428571428571431,17.142857142857153,6.857142857142861
2022-04-10,SET268-KR-NP-S,9,12.285714285714286,3.2857142857142865,1,2.6285714285714294,131.42857142857147,52.57142857142859
2022-04-11,SET268-KR-NP-S,7,10.857142857142858,3.8571428571428577,1,3.0857142857142863,154.2857142857143,61.71428571428572
2022-04-12,SET268-KR-NP-S,5,10.142857142857142,5.142857142857142,1,4.114285714285714,205.7142857142857,82.28571428571428
2022-04-13,SET268-KR-NP-S,5,9.285714285714286,4.2857142857142865,1,3.4285714285714293,171.42857142857147,68.57142857142858
2022-04-16,SET268-KR-NP-S,7,7.857142857142857,0.8571428571428568,1,0.6857142857142855,34.28571428571428,13.71428571428571
2022-04-18,SET268-KR-NP-S,6,7.571428571428571,1.5714285714285712,1,1.2571428571428571,62.857142857142854,25.142857142857142
2022-04-19,SET268-KR-NP-S,4,7.428571428571429,3.428571428571429,1,2.7428571428571433,137.14285714285717,54.85714285714287
2022-04-20,SET268-KR-NP-S,5,7.428571428571429,2.428571428571429,1,1.942857142857143,97.14285714285715,38.85714285714286
2022-04-25,SET268-KR-NP-S,5,6.285714285714286,1.2857142857142856,1,1.0285714285714285,51.42857142857142,20.57142857142857
2022-04-27,SET268-KR-NP-S,3,7.428571428571429,4.428571428571429,1,3.542857142857143,177.14285714285717,70.85714285714286
2022-04-29,SET268-KR-NP-S,6,7.857142857142857,1.8571428571428568,1,1.4857142857142855,74.28571428571428,29.71428571428571
2022-04-30,SET268-KR-NP-S,4,7.571428571428571,3.571428571428571,1,2.857142857142857,142.85714285714286,57.142857142857146
2022-05-02,SET268-KR-NP-S,6,7.285714285714286,1.2857142857142856,1,1.0285714285714285,51.42857142857142,20.57142857142857
2022-05-05,SET268-KR-NP-S,1,5.571428571428571,4.571428571428571,1,3.657142857142857,182.85714285714286,73.14285714285714
2022-04-04,SET268-KR-NP-XL,11,11.4,0.40000000000000036,1,0.3200000000000003,16.000000000000014,6.400000000000006
2022-04-05,SET268-KR-NP-XL,6,10.5,4.5,1,3.6,180.0,72.0
2022-04-06,SET268-KR-NP-XL,9,10.285714285714286,1.2857142857142865,1,1.0285714285714291,51.42857142857146,20.571428571428584
2022-04-07,SET268-KR-NP-XL,8,11.285714285714286,3.2857142857142865,1,2.6285714285714294,131.42857142857147,52.57142857142859
2022-04-08,SET268-KR-NP-XL,7,10.285714285714286,3.2857142857142865,1,2.6285714285714294,131.42857142857147,52.57142857142859
2022-04-11,SET268-KR-NP-XL,5,9.285714285714286,4.2857142857142865,1,3.4285714285714293,171.42857142857147,68.57142857142858
2022-04-12,SET268-KR-NP-XL,7,9.428571428571429,2.428571428571429,1,1.942857142857143,97.14285714285715,38.85714285714286
2022-04-15,SET268-KR-NP-XL,9,11.142857142857142,2.1428571428571423,1,1.714285714285714,85.7142857142857,34.28571428571428
2022-04-16,SET268-KR-NP-XL,5,10.142857142857142,5.142857142857142,1,4.114285714285714,205.7142857142857,82.28571428571428
2022-04-17,SET268-KR-NP-XL,6,8.428571428571429,2.428571428571429,1,1.942857142857143,97.14285714285715,38.85714285714286
2022-04-18,SET268-KR-NP-XL,7,8.714285714285714,1.7142857142857135,1,1.371428571428571,68.57142857142856,27.42857142857142
2022-04-22,SET268-KR-NP-XL,7,7.714285714285714,0.7142857142857144,1,0.5714285714285715,28.571428571428577,11.42857142857143
2022-04-25,SET268-KR-NP-XL,6,9.571428571428571,3.571428571428571,1,2.857142857142857,142.85714285714286,57.142857142857146
2022-04-26,SET268-KR-NP-XL,9,9.428571428571429,0.4285714285714288,1,0.3428571428571431,17.142857142857153,6.857142857142861
2022-04-27,SET268-KR-NP-XL,6,8.857142857142858,2.8571428571428577,1,2.285714285714286,114.2857142857143,45.71428571428572
2022-04-28,SET268-KR-NP-XL,4,8.142857142857142,4.142857142857142,1,3.314285714285714,165.7142857142857,66.28571428571428
2022-04-29,SET268-KR-NP-XL,4,7.714285714285714,3.7142857142857144,1,2.9714285714285715,148.57142857142858,59.42857142857143
2022-04-30,SET268-KR-NP-XL,4,6.857142857142857,2.8571428571428568,1,2.2857142857142856,114.28571428571428,45.71428571428571
2022-05-04,SET268-KR-NP-XL,3,5.428571428571429,2.428571428571429,1,1.942857142857143,97.14285714285715,38.85714285714286
2022-05-06,SET268-KR-NP-XL,2,5.285714285714286,3.2857142857142856,1,2.6285714285714286,131.42857142857142,52.57142857142857
2022-05-08,SET268-KR-NP-XL,1,4.857142857142857,3.8571428571428568,1,3.0857142857142854,154.28571428571428,61.71428571428571
2022-05-10,SET268-KR-NP-XL,2,4.571428571428571,2.571428571428571,1,2.057142857142857,102.85714285714285,41.14285714285714
2022-04-06,SET268-KR-NP-XS,2,5.833333333333333,3.833333333333333,1,3.0666666666666664,153.33333333333331,61.33333333333333
2022-04-07,SET268-KR-NP-XS,4,5.571428571428571,1.5714285714285712,1,1.2571428571428571,62.857142857142854,25.142857142857142
2022-04-08,SET268-KR-NP-XS,3,5.714285714285714,2.7142857142857144,1,2.1714285714285717,108.57142857142858,43.42857142857143
2022-04-10,SET268-KR-NP-XS,5,5.857142857142857,0.8571428571428568,1,0.6857142857142855,34.28571428571428,13.71428571428571
2022-04-11,SET268-KR-NP-XXL,3,6.142857142857143,3.1428571428571432,1,2.5142857142857147,125.71428571428574,50.28571428571429
2022-04-15,SET268-KR-NP-XXL,6,6.857142857142857,0.8571428571428568,1,0.6857142857142855,34.28571428571428,13.71428571428571
2022-04-16,SET268-KR-NP-XXL,2,6.285714285714286,4.285714285714286,1,3.428571428571429,171.42857142857144,68.57142857142858
2022-04-03,SET269-KR-NP-M,1,3.6666666666666665,2.6666666666666665,1,2.1333333333333333,106.66666666666667,42.666666666666664
2022-05-07,SET278-KR-NP-M,1,3.2857142857142856,2.2857142857142856,1,1.8285714285714285,91.42857142857143,36.57142857142857
2022-05-03,SET324-KR-NP-L,7,7.285714285714286,0.2857142857142856,1,0.22857142857142848,11.428571428571423,4.571428571428569
2022-05-08,SET324-KR-NP-L,1,7.285714285714286,6.285714285714286,1,5.0285714285714285,251.42857142857142,100.57142857142857
2022-05-12,SET324-KR-NP-L,3,6.714285714285714,3.7142857142857144,1,2.9714285714285715,148.57142857142858,59.42857142857143
2022-05-13,SET324-KR-NP-L,2,6.0,4.0,1,3.2,160.0,64.0
2022-05-14,SET324-KR-NP-L,3,5.142857142857143,2.1428571428571432,1,1.7142857142857146,85.71428571428574,34.28571428571429
2022-05-15,SET324-KR-NP-L,2,4.714285714285714,2.7142857142857144,1,2.1714285714285717,108.57142857142858,43.42857142857143
2022-05-04,SET324-KR-NP-M,8,8.428571428571429,0.4285714285714288,1,0.3428571428571431,17.142857142857153,6.857142857142861
2022-05-06,SET324-KR-NP-M,8,9.285714285714286,1.2857142857142865,1,1.0285714285714291,51.42857142857146,20.571428571428584
2022-05-07,SET324-KR-NP-M,8,9.428571428571429,1.4285714285714288,1,1.142857142857143,57.14285714285715,22.85714285714286
2022-05-08,SET324-KR-NP-M,3,9.142857142857142,6.142857142857142,1,4.914285714285715,245.71428571428572,98.28571428571429
2022-05-09,SET324-KR-NP-M,1,7.428571428571429,6.428571428571429,1,5.142857142857143,257.14285714285717,102.85714285714286
2022-05-20,SET324-KR-NP-M,1,5.714285714285714,4.714285714285714,1,3.771428571428572,188.57142857142858,75.42857142857143
2022-05-21,SET324-KR-NP-M,1,4.714285714285714,3.7142857142857144,1,2.9714285714285715,148.57142857142858,59.42857142857143
2022-05-05,SET324-KR-NP-S,2,6.0,4.0,1,3.2,160.0,64.0
2022-05-06,SET324-KR-NP-S,3,5.857142857142857,2.8571428571428568,1,2.2857142857142856,114.28571428571428,45.71428571428571
2022-05-07,SET324-KR-NP-S,2,5.857142857142857,3.8571428571428568,1,3.0857142857142854,154.28571428571428,61.71428571428571
2022-05-08,SET324-KR-NP-S,3,5.571428571428571,2.571428571428571,1,2.057142857142857,102.85714285714285,41.14285714285714
2022-05-09,SET324-KR-NP-S,2,4.714285714285714,2.7142857142857144,1,2.1714285714285717,108.57142857142858,43.42857142857143
2022-05-09,SET324-KR-NP-XL,1,3.7142857142857144,2.7142857142857144,1,2.1714285714285717,108.57142857142858,43.42857142857143
2022-04-02,SET327-KR-DPT-M,1,4.0,3.0,1,2.4000000000000004,120.00000000000001,48.00000000000001
2022-06-16,SET392-KR-NP-M,1,4.285714285714286,3.2857142857142856,1,2.6285714285714286,131.42857142857142,52.57142857142857
2022-06-17,SET392-KR-NP-M,3,4.142857142857143,1.1428571428571432,1,0.9142857142857146,45.71428571428573,18.285714285714292
2022-06-18,SET392-KR-NP-M,1,4.142857142857143,3.1428571428571432,1,2.5142857142857147,125.71428571428574,50.28571428571429
2022-06-21,SET392-KR-NP-M,3,4.428571428571429,1.4285714285714288,1,1.142857142857143,57.14285714285715,22.85714285714286
2022-06-23,SET392-KR-NP-M,2,4.142857142857143,2.1428571428571432,1,1.7142857142857146,85.71428571428574,34.28571428571429
2022-04-07,SET392-KR-NP-XXL,1,5.0,4.0,1,3.2,160.0,64.0
2022-04-08,SET392-KR-NP-XXL,1,4.2,3.2,1,2.5600000000000005,128.00000000000003,51.20000000000001
2022-04-13,SET392-KR-NP-XXL,4,4.166666666666667,0.16666666666666696,1,0.13333333333333358,6.666666666666679,2.6666666666666714
2022-04-15,SET392-KR-NP-XXL,1,3.7142857142857144,2.7142857142857144,1,2.1714285714285717,108.57142857142858,43.42857142857143
2022-04-26,SET392-KR-NP-XXL,1,3.7142857142857144,2.7142857142857144,1,2.1714285714285717,108.57142857142858,43.42857142857143
